Plot,RGR,survived,WD,SLA,DBH,sp
1,0.0178741585640392,0,0.80000511,6.3800396,16.3097633879038,Quercus_oleoides
1,0.0282889480739934,1,0.74366273,7.4861881,10.5443802947991,Rehdera_trinervis
1,0.00867781672538381,1,0.18248994,11.2485639,24.8693718615015,Cochlospermum_vitifolium
1,0.0149506405374469,1,0.0,0.0,17.6250140874802,Maytenus_segoviarum
1,0.00717708721842936,0,0.18248994,11.2485639,18.6673267815648,Cochlospermum_vitifolium
1,0.0197606240750186,0,0.58222739,12.1402741,0.0,Sebastiania_pavoniana
1,0.00282238965704806,0,0.74366273,7.4861881,24.4798169107334,Rehdera_trinervis
1,0.00444899148344735,1,0.43768805,8.26675558,17.5185957804726,Bursera_tomentosa
1,0.00863809769810997,1,0.67323866,7.35424053,14.7376169164906,Luehea_speciosa
1,0.0291897281303335,1,0.69111815,8.05778656,0.0,Diospyros_nicaraguensis
1,0.0344956017146494,0,0.18248994,11.2485639,24.721966209238,Cochlospermum_vitifolium
1,0.0278859505437001,1,0.58222739,12.1402741,11.0094253843311,Sebastiania_pavoniana
1,0.0748477790146125,1,0.43768805,8.26675558,14.939904262706,Bursera_tomentosa
1,0.0338295061747065,0,0.43768805,8.26675558,0.0,Bursera_tomentosa
1,0.00148236517240097,0,0.74366273,7.4861881,25.2555746636451,Rehdera_trinervis
1,0.00772564958902189,1,0.43768805,8.26675558,15.4289972016944,Bursera_tomentosa
1,0.0103646861913735,1,0.43768805,8.26675558,20.7129239659878,Bursera_tomentosa
1,0.0132069512706399,1,0.67323866,7.35424053,10.8758112757413,Luehea_speciosa
1,0.00072501901930222,0,0.18248994,11.2485639,32.7260253670596,Cochlospermum_vitifolium
1,0.00244009249764376,0,0.43768805,8.26675558,18.4969324280712,Bursera_tomentosa
1,0.00882833525012172,1,0.69111815,8.05778656,17.3299211293013,Diospyros_nicaraguensis
1,0.012312571730543,0,0.18248994,11.2485639,14.6729464867657,Cochlospermum_vitifolium
1,0.00304381862373582,1,0.43768805,8.26675558,18.7635605857602,Bursera_tomentosa
1,0.011856905223544,0,0.43768805,8.26675558,19.0668450760986,Bursera_tomentosa
1,0.00646091390846815,0,0.52781326,7.25343208,28.5,Ficus_ovalis
1,1.52547601355302e-05,1,0.43768805,8.26675558,20.6391521160006,Bursera_tomentosa
1,0.0189199538911393,1,0.69111815,8.05778656,10.1474281730414,Diospyros_nicaraguensis
1,0.00132536191575516,1,0.74366273,7.4861881,11.0206929696932,Rehdera_trinervis
1,0.00115830045021337,1,0.74366273,7.4861881,14.2988619810749,Rehdera_trinervis
1,0.00316228799677898,0,0.56383704,8.98205722,18.3420986027663,Machaerium_biovulatum
1,0.0177821112340872,0,0.18248994,11.2485639,0.0,Cochlospermum_vitifolium
1,0.000270640952422685,1,0.74366273,7.4861881,10.5611690209769,Rehdera_trinervis
1,0.0112594448569796,1,0.67323866,7.35424053,11.1718873385392,Luehea_speciosa
1,0.0194847262728191,1,0.74366273,7.4861881,13.4964000268667,Rehdera_trinervis
1,0.00956678537530697,1,0.74366273,7.4861881,15.9150169145715,Rehdera_trinervis
2,0.00272056958355771,0,0.18248994,11.2485639,13.3605042262441,Cochlospermum_vitifolium
2,0.00319934115864573,0,0.80000511,6.3800396,33.4629746617261,Quercus_oleoides
2,0.000836418957896434,0,0.80000511,6.3800396,23.0881183156433,Quercus_oleoides
2,0.0330054402069662,1,0.69223065,7.20018409,0.0,Ardisia_revoluta
2,0.00366935087838982,0,0.80000511,6.3800396,17.57,Quercus_oleoides
2,0.0163034848880068,0,0.43768805,8.26675558,12.298594366927,Bursera_tomentosa
2,0.00300800777024923,0,0.74366273,7.4861881,11.02,Rehdera_trinervis
2,0.0148817310090568,1,0.69223065,7.20018409,14.4387549354157,Ardisia_revoluta
2,0.00828246064614824,1,0.69223065,7.20018409,11.1976225706731,Ardisia_revoluta
2,0.0130848890895434,1,0.57194001,7.53518778,19.2235859336293,Zuelania_guidonia
2,0.027911491655654,1,0.57194001,7.53518778,13.8533211465727,Zuelania_guidonia
2,0.0114236538200787,0,0.67323866,7.35424053,11.3459690171388,Luehea_speciosa
2,0.0112934891569059,0,0.57194001,7.53518778,18.9629746617261,Zuelania_guidonia
2,0.0216087524881825,0,0.7263735,8.22539818,10.8157042300822,Genipa_americana
2,0.0277822442283435,1,0.18248994,11.2485639,11.6915972036135,Cochlospermum_vitifolium
2,0.00388682246741556,1,0.74366273,7.4861881,0.0,Rehdera_trinervis
2,0.000553091225572455,0,0.74366273,7.4861881,13.0726563518399,Rehdera_trinervis
2,0.00329234080018459,0,0.18248994,11.2485639,19.225174655969,Cochlospermum_vitifolium
2,0.0126031507794706,1,0.74366273,7.4861881,14.3509042339203,Rehdera_trinervis
2,0.0263849087564205,1,0.0,0.0,11.415126787322,Eugenia_monticola
2,0.0273907178887267,1,0.69223065,7.20018409,12.1154732721686,Ardisia_revoluta
2,0.00583756447509032,1,0.69223065,7.20018409,11.3270056445873,Ardisia_revoluta
2,0.00469113832635371,1,0.69223065,7.20018409,10.2,Ardisia_revoluta
2,0.00258100276138018,1,0.7263735,8.22539818,12.5065521140816,Genipa_americana
2,0.0203508112523054,1,0.69223065,7.20018409,15.8848873481345,Ardisia_revoluta
2,0.00834098749381873,0,0.74366273,7.4861881,15.4716197243914,Rehdera_trinervis
2,0.0251459643423488,1,0.71462209,9.7854777,0.0,Tabebuia_impetiginosa
2,0.00666013999012671,1,0.76830896,9.21901919,25.3750028750675,Acosmium_panamensis
2,0.00934463999310386,0,0.76830896,9.21901919,14.8270141258612,Acosmium_panamensis
2,0.00334200267414309,0,0.80000511,6.3800396,44.6238563748685,Quercus_oleoides
2,0.00286719237807054,1,0.37741587,10.2421323,11.9005042262441,Cordia_panamensis
2,0.0657346798582252,1,0.52781326,7.25343208,13.785678882213,Ficus_ovalis
2,0.00940451011316457,1,0.67323866,7.35424053,14.8066845076099,Luehea_speciosa
2,0.021638335605473,1,0.80000511,6.3800396,18.9191887722349,Quercus_oleoides
2,0.00283905750942726,0,0.80000511,6.3800396,19.3809295817894,Quercus_oleoides
2,0.0256926203307137,1,0.69223065,7.20018409,13.6170704757821,Ardisia_revoluta
2,0.0177425419468662,1,0.74366273,7.4861881,16.4617802928801,Rehdera_trinervis
2,0.00401149390458233,0,0.80000511,6.3800396,31.5213295894656,Quercus_oleoides
2,0.00861398309106409,1,0.69111815,8.05778656,13.1932647966518,Diospyros_nicaraguensis
2,0.0193679558065463,1,0.69223065,7.20018409,15.1613831122952,Ardisia_revoluta
2,0.00422812947603823,1,0.0,0.0,11.4005352282958,Eugenia_manticola
2,0.000566820832335502,0,0.69223065,7.20018409,11.012095775675,Ardisia_revoluta
2,0.0121804183306256,1,0.69223065,7.20018409,10.8798957814321,Ardisia_revoluta
2,0.0247421576366693,0,0.73283575,11.3829549,35.3537578104832,Lysiloma_divaricatum
2,0.00911077885551093,1,0.0,0.0,11.6238732414638,Maytenus_segoviarum
2,0.0161981977842607,1,0.69223065,7.20018409,16.3550676103098,Ardisia_revoluta
2,0.0382949517547293,1,0.69223065,7.20018409,12.7619690363293,Ardisia_revoluta
2,0.0150136381202652,1,0.69223065,7.20018409,10.72419155135,Ardisia_revoluta
2,0.020308838658059,1,0.74366273,7.4861881,10.0995296028989,Rehdera_trinervis
2,0.00888967125526152,0,0.43768805,8.26675558,13.5,Bursera_tomentosa
2,0.00896535168952672,1,0.69223065,7.20018409,0.0,Ardisia_revoluta
3,0.0164692120436514,1,0.74366273,7.4861881,11.2938563748685,Rehdera_trinervis
3,0.0265522739644117,0,0.18248994,11.2485639,13.5073887856683,Cochlospermum_vitifolium
3,0.00497718355059806,0,0.74366273,7.4861881,10.008594366927,Rehdera_trinervis
3,0.0514617740997472,0,0.18248994,11.2485639,11.1775211791966,Cochlospermum_vitifolium
3,0.0108371279365205,1,0.74366273,7.4861881,11.3379352263767,Rehdera_trinervis
3,0.011701028801828,1,0.74366273,7.4861881,13.0582028405246,Rehdera_trinervis
3,0.0349781459550038,1,0.77574754,13.7817175,11.5968310365946,Gliricidia_sepium
3,0.0296838516382203,0,0.77574754,13.7817175,13.3393521678149,Gliricidia_sepium
3,0.0636523015240651,1,0.74366273,7.4861881,11.815078918675,Rehdera_trinervis
3,0.0217688231550741,1,0.74366273,7.4861881,15.9985071109068,Rehdera_trinervis
3,0.0123319406752609,1,0.74366273,7.4861881,15.2726084831929,Rehdera_trinervis
3,0.0140863502030708,1,0.74366273,7.4861881,12.9703296182513,Rehdera_trinervis
3,0.0336270894605324,0,0.18248994,11.2485639,17.1259014548052,Cochlospermum_vitifolium
3,0.0132754512773308,1,0.74366273,7.4861881,11.8777014413719,Rehdera_trinervis
3,0.0282560514529808,1,0.18248994,11.2485639,10.429132422314,Cochlospermum_vitifolium
3,0.0507106155656092,1,0.77574754,13.7817175,10.1,Gliricidia_sepium
3,0.0757638010335424,1,0.18248994,11.2485639,0.0,Cochlospermum_vitifolium
3,0.026848913998502,1,0.18248994,11.2485639,11.0405380553871,Cochlospermum_vitifolium
3,0.0152621075132706,1,0.74366273,7.4861881,14.8573014336957,Rehdera_trinervis
3,0.0201379035218596,0,0.74366273,7.4861881,16.2579972304802,Rehdera_trinervis
3,0.0266721788280466,1,0.74366273,7.4861881,11.7156620156177,Rehdera_trinervis
3,0.0327690826500882,1,0.43768805,8.26675558,0.0,Bursera_tomentosa
3,0.0228162093146969,1,0.74366273,7.4861881,10.2561577605879,Rehdera_trinervis
3,0.0247702998507089,1,0.35997774,9.02138266,0.0,Bursera_simaruba
3,0.0870617239707734,1,0.18248994,11.2485639,10.6450479166232,Cochlospermum_vitifolium
3,0.017182227417579,0,0.18248994,11.2485639,28.8018619906701,Cochlospermum_vitifolium
3,0.0152324604944014,1,0.74366273,7.4861881,12.7358676256622,Rehdera_trinervis
3,0.015081393958269,1,0.74366273,7.4861881,16.0188986373092,Rehdera_trinervis
3,0.0141245938018706,0,0.74366273,7.4861881,12.6916225514826,Rehdera_trinervis
3,0.00985202053990974,1,0.74366273,7.4861881,11.1631324031235,Rehdera_trinervis
3,0.00759224068290809,0,0.74366273,7.4861881,13.5028169203287,Rehdera_trinervis
3,0.00824739275478681,1,0.74366273,7.4861881,12.1012225438064,Rehdera_trinervis
3,0.0397637587628958,1,0.18248994,11.2485639,19.3329859700913,Cochlospermum_vitifolium
4,0.00716965474308617,0,0.18248994,11.2485639,16.09,Cochlospermum_vitifolium
4,0.00622634337836958,0,0.18248994,11.2485639,18.3582000134333,Cochlospermum_vitifolium
4,0.0244978778277658,1,0.64470333,9.25563634,15.4473831314857,Lonchocarpus_rugosus
4,0.00109229638468333,1,0.80000511,6.3800396,34.4004817054662,Quercus_oleoides
4,0.0135891578719751,1,0.80000511,6.3800396,25.6013352436482,Quercus_oleoides
4,0.00249668794087787,1,0.80000511,6.3800396,38.1604310097279,Quercus_oleoides
4,0.0188280456497916,1,0.64470333,9.25563634,10.1979070514163,Lonchocarpus_rugosus
4,0.0100806573609589,0,0.18248994,11.2485639,26.5949915667024,Cochlospermum_vitifolium
4,0.00844791681091994,0,0.18248994,11.2485639,19.2176676122288,Cochlospermum_vitifolium
4,0.00445729900145064,0,0.18248994,11.2485639,18.2403746598071,Cochlospermum_vitifolium
4,0.0307808182021034,1,0.74366273,7.4861881,14.5313605915173,Rehdera_trinervis
4,0.0213281926976152,1,0.55061311,10.5184876,21.9854817534424,Cordia_alliodora
4,0.010643416820562,0,0.18248994,11.2485639,18.16016339558,Cochlospermum_vitifolium
4,0.0290717466848349,1,0.74366273,7.4861881,14.4887070667687,Rehdera_trinervis
4,0.00218028806776616,1,0.18248994,11.2485639,17.9508225361303,Cochlospermum_vitifolium
4,0.0283923446988723,1,0.74366273,7.4861881,10.3,Rehdera_trinervis
4,0.0330877198488673,1,0.74366273,7.4861881,10.9967662053999,Rehdera_trinervis
4,0.00560210765342228,0,0.67323866,7.35424053,17.8691267681315,Luehea_speciosa
4,0.00827574827022204,1,0.80000511,6.3800396,47.7,Quercus_oleoides
4,0.00723969190053841,1,0.69223065,7.20018409,16.5232366216914,Ardisia_revoluta
4,0.0483681010833306,1,0.64856918,12.3821425,11.1043577740213,Guettarda_macrosperma
4,0.00981832582663023,0,0.57194001,7.53518778,31.481822603297,Zuelania_guidonia
4,0.00214212268253045,1,0.74366273,7.4861881,11.6,Rehdera_trinervis
4,0.0221197318476807,1,0.74366273,7.4861881,13.7996873442964,Rehdera_trinervis
4,0.000505340675437616,1,0.18248994,11.2485639,12.22,Cochlospermum_vitifolium
4,0.0194731712403922,1,0.77574754,13.7817175,15.2664253747358,Gliricidia_sepium
4,0.0259171249326466,1,0.77574754,13.7817175,12.576825382412,Gliricidia_sepium
4,0.0501546263832786,1,0.74366273,7.4861881,16.4612310250803,Rehdera_trinervis
4,0.00255575317708345,0,0.80318011,6.7699511,33.4399211293013,Dalbergia_retusa
4,0.00727780703136549,1,0.5614008,6.29434163,0.0,Hemiangium_excelsum
4,0.0180303665654122,1,0.74366273,7.4861881,20.8658057175112,Rehdera_trinervis
4,0.0385600381952935,1,0.64470333,9.25563634,17.0438845498289,Lonchocarpus_rugosus
4,0.0117186794918354,0,0.18248994,11.2485639,13.98,Cochlospermum_vitifolium
4,0.0422094232499388,1,0.64470333,9.25563634,10.3725239583116,Lonchocarpus_rugosus
4,0.00224669586658965,1,0.67323866,7.35424053,11.09,Luehea_speciosa
4,0.0300759945820213,1,0.74366273,7.4861881,12.3374084793548,Rehdera_trinervis
4,0.0180072154886228,0,0.18248994,11.2485639,13.7,Cochlospermum_vitifolium
4,0.00624435551013169,0,0.67323866,7.35424053,14.7186788918083,Luehea_speciosa
4,0.0140873460161814,1,0.56383704,8.98205722,12.4556253593834,Machaerium_biovulatum
4,0.0123750421490922,1,0.55061311,10.5184876,14.5980732740876,Cordia_alliodora
4,0.011119343671107,0,0.18248994,11.2485639,16.13,Cochlospermum_vitifolium
4,0.0204790885973645,1,0.74366273,7.4861881,17.0677014413719,Rehdera_trinervis
4,0.00275986808058359,0,0.18248994,11.2485639,16.47,Cochlospermum_vitifolium
4,0.0152880454292208,1,0.74366273,7.4861881,14.8518394698922,Rehdera_trinervis
4,0.0109795503871783,1,0.74366273,7.4861881,21.0266394660541,Rehdera_trinervis
4,0.0248852364014285,1,0.74366273,7.4861881,12.3368985989282,Rehdera_trinervis
4,0.0104593577099306,1,0.74366273,7.4861881,12.0477211350584,Rehdera_trinervis
4,0.027746254210403,1,0.57471568,15.2691681,0.0,Chomelia_spinosa
4,0.00962821100739486,0,0.18248994,11.2485639,33.1,Cochlospermum_vitifolium
4,0.000396256317629184,1,0.80000511,6.3800396,46.4356535343439,Quercus_oleoides
5,0.0102780992565243,1,0.61395183,6.85653568,9.27029296201704,Byrsonima_crassifolia
5,0.00659159710727941,1,0.74366273,7.4861881,12.3082507091716,Rehdera_trinervis
5,0.00303886582511526,1,0.74366273,7.4861881,9.71183098861838,Rehdera_trinervis
5,0.0256305493881395,1,0.74366273,7.4861881,10.6279887492063,Rehdera_trinervis
5,0.014445456363104,0,0.80000511,6.3800396,23.0104901867401,Quercus_oleoides
5,0.0166484012685006,0,0.80000511,6.3800396,21.9164253747358,Quercus_oleoides
5,0.01860775120026,1,0.80000511,6.3800396,23.400278922513,Quercus_oleoides
5,0.0110427621254043,0,0.80000511,6.3800396,23.1091831180523,Quercus_oleoides
5,0.00227083754597723,0,0.80000511,6.3800396,13.52419155135,Quercus_oleoides
5,0.0229763059958499,1,0.74366273,7.4861881,19.2646450818557,Rehdera_trinervis
5,0.00567996876605381,0,0.80000511,6.3800396,26.0351239602307,Quercus_oleoides
5,0.0292399483320582,0,0.80000511,6.3800396,12.0381436635125,Quercus_oleoides
5,0.0754686099107653,1,0.74366273,7.4861881,10.39,Rehdera_trinervis
5,0.0132513951875244,0,0.80000511,6.3800396,12.0105042262441,Quercus_oleoides
5,0.0208167034544218,1,0.80000511,6.3800396,15.8162366312867,Quercus_oleoides
5,0.0208167034544218,0,0.80000511,6.3800396,15.8162366312867,Quercus_oleoides
5,0.00833600623038278,0,0.80000511,6.3800396,12.9204000076762,Quercus_oleoides
5,0.0210535187704854,1,0.80000511,6.3800396,13.8317577721022,Quercus_oleoides
5,0.105209789792608,0,0.80000511,6.3800396,10.1733268007553,Quercus_oleoides
5,0.00776550623578176,0,0.80000511,6.3800396,12.1503521390292,Quercus_oleoides
5,0.0403350668276494,1,0.74366273,7.4861881,10.168969026734,Rehdera_trinervis
5,0.0455056507629314,1,0.18248994,11.2485639,17.4849352167815,Cochlospermum_vitifolium
5,0.0171673872272398,0,0.80000511,6.3800396,21.7924732625733,Quercus_oleoides
5,0.0057943786986776,0,0.80000511,6.3800396,23.6350479166232,Quercus_oleoides
5,0.018767336767088,1,0.74366273,7.4861881,20.0958929735313,Rehdera_trinervis
5,0.0169347023473319,0,0.74366273,7.4861881,11.0511436731077,Rehdera_trinervis
5,0.00517926997078577,1,0.74366273,7.4861881,12.5246986046853,Rehdera_trinervis
5,0.00874682051541154,1,0.74366273,7.4861881,11.0760507149288,Rehdera_trinervis
5,0.0335597795209792,1,0.74366273,7.4861881,18.3916760743122,Rehdera_trinervis
5,0.0430996876603369,0,0.80000511,6.3800396,12.18,Quercus_oleoides
5,0.0183910090240711,1,0.74366273,7.4861881,10.383290144521,Rehdera_trinervis
5,0.027228999861816,1,0.74366273,7.4861881,11.0335577586689,Rehdera_trinervis
5,0.0071180536012565,1,0.74366273,7.4861881,12.830292962017,Rehdera_trinervis
5,0.00945549137408097,1,0.74366273,7.4861881,12.6140056349921,Rehdera_trinervis
5,0.0159668453313588,1,0.74366273,7.4861881,15.0832141009136,Rehdera_trinervis
5,0.010542705748374,1,0.74366273,7.4861881,24.6491042473536,Rehdera_trinervis
6,0.00708300142420848,1,0.80000511,6.3800396,29.5449634876944,Quercus_oleoides
6,0.0229812259696223,1,0.80000511,6.3800396,26.4759212444442,Quercus_oleoides
6,0.0176755488683473,0,0.80000511,6.3800396,31.0580226743018,Quercus_oleoides
6,0.0178420997224937,0,0.18248994,11.2485639,13.1231690593578,Cochlospermum_vitifolium
6,0.0260545916829797,0,0.18248994,11.2485639,25.1873042607869,Cochlospermum_vitifolium
6,0.0236119483945654,0,0.80000511,6.3800396,28.8347437421935,Quercus_oleoides
6,0.0248495283386272,0,0.80000511,6.3800396,16.5750140874802,Quercus_oleoides
6,0.00141390989421941,0,0.80000511,6.3800396,16.8732704508344,Quercus_oleoides
6,0.000925424478727788,0,0.80000511,6.3800396,11.5348816939519,Quercus_oleoides
6,0.000919777180176773,0,0.80000511,6.3800396,12.3978253536263,Quercus_oleoides
6,0.0117613436575672,1,0.80000511,6.3800396,10.2423633898229,Quercus_oleoides
6,0.00843677478108074,0,0.80000511,6.3800396,23.9265859432246,Quercus_oleoides
6,0.00335561665871031,0,0.80000511,6.3800396,29.1417972554278,Quercus_oleoides
6,0.0127482515832158,0,0.80000511,6.3800396,26.4497718691777,Quercus_oleoides
6,0.00437459893246439,0,0.80000511,6.3800396,18.59,Quercus_oleoides
6,0.00191546947885124,0,0.18248994,11.2485639,17.1,Cochlospermum_vitifolium
6,0.00305941971100365,0,0.80000511,6.3800396,10.7,Quercus_oleoides
6,0.00190422759225273,0,0.80000511,6.3800396,12.2240084620834,Quercus_oleoides
6,0.00307441303391887,1,0.80000511,6.3800396,21.7254085369263,Quercus_oleoides
6,0.0108461492791587,0,0.80000511,6.3800396,16.6206197531771,Quercus_oleoides
6,0.0125048216754702,1,0.80000511,6.3800396,12.1949887396111,Quercus_oleoides
6,0.00921820165845366,1,0.80000511,6.3800396,28.1347972650231,Quercus_oleoides
6,0.00058141656101629,0,0.80000511,6.3800396,27.9202000518143,Quercus_oleoides
6,0.00166064794730403,1,0.80000511,6.3800396,23.0814986392282,Quercus_oleoides
6,0.0010175109134507,0,0.80000511,6.3800396,19.0575352187005,Quercus_oleoides
6,0.0001436433802251,1,0.80000511,6.3800396,12.1484619733987,Quercus_oleoides
6,0.00158053257817459,1,0.80000511,6.3800396,30.495208485112,Quercus_oleoides
6,0.00796583262619777,0,0.80000511,6.3800396,32.8702085330882,Quercus_oleoides
6,0.00104474836356516,0,0.80000511,6.3800396,12.5750676103098,Quercus_oleoides
6,0.00213615207761553,1,0.80000511,6.3800396,22.3449718730158,Quercus_oleoides
6,0.000270287662559543,0,0.80000511,6.3800396,21.1026648331138,Quercus_oleoides
6,0.000763806289698188,0,0.80000511,6.3800396,15.7572422566835,Quercus_oleoides
6,0.00475952629863707,0,0.80000511,6.3800396,17.4070338195478,Quercus_oleoides
6,0.0011548185389918,0,0.80000511,6.3800396,11.25,Quercus_oleoides
6,0.078245648246011,1,0.35997774,9.02138266,0.0,Bursera_simaruba
6,0.00684053150922814,1,0.61395183,6.85653568,10.7040056349921,Byrsonima_crassifolia
6,0.00182418757011327,1,0.61395183,6.85653568,13.008594366927,Byrsonima_crassifolia
6,0.000499701253114715,1,0.37691361,14.550875,21.4107971882611,Enterolobium_cyclocarpum
6,0.0312658874715122,0,0.37691361,14.550875,38.9623860065532,Enterolobium_cyclocarpum
6,0.00141821642766482,1,0.37691361,14.550875,37.968498629633,Enterolobium_cyclocarpum
6,0.0150631913607189,1,0.37691361,14.550875,31.4495070821211,Enterolobium_cyclocarpum
6,0.0412981569155644,0,0.80000511,6.3800396,21.9487522042769,Quercus_oleoides
6,0.000458958778983831,1,0.80000511,6.3800396,11.0267380304394,Quercus_oleoides
6,0.0327331386831577,1,0.57471568,15.2691681,10.0,Chomelia_spinosa
6,0.00111144922749684,0,0.80000511,6.3800396,17.6206901426019,Quercus_oleoides
6,0.00254074310408914,0,0.80000511,6.3800396,15.0775352187005,Quercus_oleoides
6,0.00962268290393098,0,0.80000511,6.3800396,21.5146056944826,Quercus_oleoides
7,0.108524169218544,1,0.74366273,7.4861881,19.6778733182257,Rehdera_trinervis
7,0.00130127276269798,0,0.44781739,10.136324,10.8620169049763,Cedrela_odorata
7,0.000345702779934953,0,0.77574754,13.7817175,10.4586507168478,Gliricidia_sepium
7,0.0194540995875641,1,0.74366273,7.4861881,17.2518197762057,Rehdera_trinervis
7,0.0199423172675561,1,0.77574754,13.7817175,11.5564788975654,Gliricidia_sepium
7,0.00104651685683521,0,0.77574754,13.7817175,10.863242275874,Gliricidia_sepium
7,0.0463374624565747,1,0.74366273,7.4861881,15.610887367325,Rehdera_trinervis
7,0.0630034652102984,1,0.44781739,10.136324,10.6322845191242,Cedrela_odorata
7,0.00103944862958105,1,0.77574754,13.7817175,10.3510084524881,Gliricidia_sepium
7,0.00255855790753134,0,0.77574754,13.7817175,12.6067155096616,Gliricidia_sepium
7,0.00174368953549919,0,0.7371692,8.75698686,11.9604253555453,Guazuma_ulmifolia
7,0.0170922579919095,1,0.77574754,13.7817175,16.9500056541826,Gliricidia_sepium
7,0.0203830046348603,1,0.77574754,13.7817175,11.4994789071607,Gliricidia_sepium
7,0.0454315353482944,1,0.74366273,7.4861881,19.3546958735465,Rehdera_trinervis
7,0.000396614532222728,1,0.55342418,6.86139003,10.2002140913183,Crescentia_alata
7,0.0388264911028506,1,0.77574754,13.7817175,14.629132422314,Gliricidia_sepium
7,0.00336527710847667,1,0.77574754,13.7817175,12.0224169126525,Gliricidia_sepium
7,0.0254202462115578,0,0.44781739,10.136324,30.5789606414126,Cedrela_odorata
7,0.000114962534991214,0,0.77574754,13.7817175,10.9619380342775,Gliricidia_sepium
7,0.0243797280646563,1,0.77574754,13.7817175,14.67870989386,Gliricidia_sepium
7,0.0243797280646563,1,0.77574754,13.7817175,14.67870989386,Gliricidia_sepium
7,0.00303557329895243,0,0.7371692,8.75698686,12.2162084563262,Guazuma_ulmifolia
7,0.00132831927493671,0,0.77574754,13.7817175,13.0578817035472,Gliricidia_sepium
7,0.015033136064087,1,0.77574754,13.7817175,18.1376760935027,Gliricidia_sepium
7,0.00643928839420793,1,0.74366273,7.4861881,21.7529521409482,Rehdera_trinervis
7,0.0258477283234835,0,0.44781739,10.136324,30.8156084927882,Cedrela_odorata
7,0.0126899686805491,0,0.44781739,10.136324,11.5931352302148,Cedrela_odorata
7,0.0315765040334579,1,0.77574754,13.7817175,11.9805127075179,Gliricidia_sepium
7,0.0315765040334579,1,0.77574754,13.7817175,11.9805127075179,Gliricidia_sepium
7,0.0104515408926149,1,0.70049762,15.9112957,13.1732394487827,Luehea_candida
7,0.0627531802017387,1,0.70049762,15.9112957,12.1450986123615,Luehea_candida
7,0.000212286621889213,0,0.70049762,15.9112957,11.5975887415301,Luehea_candida
7,0.0385244973762862,1,0.77574754,13.7817175,12.491788774154,Gliricidia_sepium
7,0.037138617831773,1,0.7263735,8.22539818,11.5791719056396,Genipa_americana
7,0.00699106438890107,1,0.74366273,7.4861881,25.3077464829276,Rehdera_trinervis
7,0.0707991474038359,1,0.74366273,7.4861881,13.9806479281375,Rehdera_trinervis
7,0.0124074797481692,1,0.77574754,13.7817175,11.7248620002653,Gliricidia_sepium
7,0.0211119607586805,0,0.77574754,13.7817175,13.1480140970755,Gliricidia_sepium
7,0.0428533519203356,1,0.77574754,13.7817175,0.0,Gliricidia_sepium
7,0.0649486761220013,1,0.74366273,7.4861881,11.5173099149695,Rehdera_trinervis
7,0.0844412490073827,0,0.77574754,13.7817175,14.6350253958454,Gliricidia_sepium
7,0.0267332660209396,1,0.77574754,13.7817175,15.6035098900219,Gliricidia_sepium
7,0.0637085563298552,1,0.74366273,7.4861881,0.0,Rehdera_trinervis
7,0.0286415013554433,1,0.70049762,15.9112957,10.237645091451,Luehea_candida
7,0.0209588551958158,1,0.70049762,15.9112957,12.3550817457662,Luehea_candida
7,0.00918909988439998,0,0.77574754,13.7817175,15.5396394756494,Gliricidia_sepium
7,0.0900559442789413,1,0.77574754,13.7817175,12.7960873711631,Gliricidia_sepium
7,0.015657448807175,1,0.77574754,13.7817175,13.6268535573725,Gliricidia_sepium
7,0.00341305944207404,1,0.70049762,15.9112957,13.3283859297912,Luehea_candida
7,0.000267092252149492,0,0.70049762,15.9112957,10.5194169030572,Luehea_candida
7,0.0355980583699038,1,0.74366273,7.4861881,17.3473437441125,Rehdera_trinervis
7,0.0479439594303135,0,0.74366273,7.4861881,25.5754592326646,Rehdera_trinervis
7,0.0048020397102384,0,0.77574754,13.7817175,9.14769578718928,Gliricidia_sepium
7,0.00131413815240178,1,0.77574754,13.7817175,11.0870309924565,Gliricidia_sepium
7,0.0281868471400042,1,0.74366273,7.4861881,0.0,Rehdera_trinervis
7,0.0167126127885995,0,0.80488558,11.0194215,13.5071718672586,Thouinidium_decandrum
7,0.0918276462338321,1,0.70049762,15.9112957,10.1891295952228,Luehea_candida
7,0.0170806321968637,1,0.77574754,13.7817175,12.5186817188996,Gliricidia_sepium
7,0.0206623806408959,1,0.80488558,11.0194215,11.8851634435563,Thouinidium_decandrum
7,0.0186125244044653,1,0.80488558,11.0194215,13.7467521658959,Thouinidium_decandrum
7,0.0256112534622868,1,0.74366273,7.4861881,22.98,Rehdera_trinervis
7,0.0344635959085386,1,0.74366273,7.4861881,11.653870510325,Rehdera_trinervis
7,0.0233350755381432,1,0.74366273,7.4861881,10.98,Rehdera_trinervis
7,0.0327895818932737,1,0.75229327,11.4627342,13.9137549833919,Lonchocarpus_minimiflorus
7,0.0902477188823485,1,0.74366273,7.4861881,17.6175860103913,Rehdera_trinervis
7,0.0330874771712373,1,0.74366273,7.4861881,14.455760580003,Rehdera_trinervis
7,0.0330874771712373,1,0.74366273,7.4861881,14.455760580003,Rehdera_trinervis
7,0.0371176512349547,1,0.74366273,7.4861881,21.160019789639,Rehdera_trinervis
7,0.0371176512349547,1,0.74366273,7.4861881,21.160019789639,Rehdera_trinervis
7,0.0180374608206648,1,0.18248994,11.2485639,14.2529381014443,Cochlospermum_vitifolium
7,0.00283382087094708,1,0.77574754,13.7817175,0.0,Gliricidia_sepium
7,0.00422633498733926,0,0.77574754,13.7817175,13.7103478983923,Gliricidia_sepium
7,0.00242871457311677,1,0.77574754,13.7817175,13.0461042377584,Gliricidia_sepium
7,0.0436962267475933,1,0.74366273,7.4861881,19.3413831122952,Rehdera_trinervis
7,0.00120173681400493,0,0.77574754,13.7817175,11.2932141009136,Gliricidia_sepium
7,0.00721230992650579,1,0.77574754,13.7817175,12.4206901426019,Gliricidia_sepium
7,0.0359278187369192,1,0.74366273,7.4861881,15.4425014375338,Rehdera_trinervis
7,0.0154713852954869,1,0.76830896,9.21901919,0.0,Acosmium_panamensis
8,0.0205701061807351,0,0.75952145,9.58950014,20.8319099552696,Brosimum_alicastrum
8,0.0191977575101472,1,0.8764414,8.48013978,12.9542282075843,Manilkara_chicle
8,0.00650792674923251,1,0.8764414,8.48013978,14.1264253747358,Manilkara_chicle
8,0.0191483098755896,0,0.626158,16.3450284,15.9244084697596,Annona_purpurea
8,0.00674780264911101,1,0.8764414,8.48013978,14.4958112757413,Manilkara_chicle
8,0.0161844879027875,0,0.77587762,13.3328466,35.3345943861175,Maclura_tinctoria
8,0.0203498093088146,1,0.8764414,8.48013978,11.6414958121369,Manilkara_chicle
8,0.0237397775852171,1,0.74561631,22.9514801,16.8112563729495,Exostema_mexicana
8,0.004329428505498,1,0.64856918,12.3821425,10.0111408460164,Guettarda_macrosperma
8,0.0224500535918239,1,0.63600814,14.0504199,11.7077549642014,Casearia_sylvestris
8,0.00990287553542668,1,0.8764414,8.48013978,10.2027633974991,Manilkara_chicle
8,0.00192969762059514,1,0.77587762,13.3328466,28.9206901426019,Maclura_tinctoria
8,0.0200705123657721,1,0.8764414,8.48013978,11.2577296163323,Manilkara_chicle
8,0.0200705123657721,1,0.8764414,8.48013978,11.2577296163323,Manilkara_chicle
8,0.0405487238041586,1,0.8764414,8.48013978,10.8671268257029,Manilkara_chicle
8,0.0405487238041586,1,0.8764414,8.48013978,10.8671268257029,Manilkara_chicle
8,0.0405487238041586,1,0.8764414,8.48013978,10.8671268257029,Manilkara_chicle
8,0.0405487238041586,1,0.8764414,8.48013978,10.8671268257029,Manilkara_chicle
8,0.00666165102242688,1,0.63600814,14.0504199,13.7080225783493,Casearia_sylvestris
8,0.000786560923958124,1,0.67323866,7.35424053,11.8607971882611,Luehea_speciosa
8,0.0100919517902431,0,0.0,0.0,10.9332704508344,Malpighia_glabra
8,0.00458105042467238,1,0.37691361,14.550875,82.9806761990504,Enterolobium_cyclocarpum
8,0.00964273546703609,0,0.64856918,12.3821425,24.6613324165569,Guettarda_macrosperma
8,0.0025924435691409,0,0.42802635,7.50149537,25.0666422931454,Spondias_mombin
8,0.0124603408428183,1,0.8764414,8.48013978,11.946321156168,Manilkara_chicle
8,0.000190773877621009,0,0.5518278,11.2622068,0.0,Allophylus_occidentalis
8,0.0207414828473005,1,0.8764414,8.48013978,18.7028930598885,Manilkara_chicle
8,0.0109297363196856,1,0.75952145,9.58950014,13.2605944053079,Brosimum_alicastrum
9,0.0119005639797787,1,0.5518278,11.2622068,10.9558704527535,Allophylus_occidentalis
9,0.0090570531575529,1,0.74366273,7.4861881,18.7950704374011,Rehdera_trinervis
9,0.0251641877497542,1,0.77574754,13.7817175,11.0328394411065,Gliricidia_sepium
9,0.0316783208818832,1,0.77574754,13.7817175,10.411309895779,Gliricidia_sepium
9,0.018703384324362,1,0.77574754,13.7817175,10.084061984913,Gliricidia_sepium
9,0.0727380907780861,0,0.18248994,11.2485639,18.1136789397845,Cochlospermum_vitifolium
9,0.0275576168464751,1,0.74366273,7.4861881,0.0,Rehdera_trinervis
9,0.0233391142400685,0,0.77574754,13.7817175,13.2469296009799,Gliricidia_sepium
9,0.00641052985187418,0,0.77574754,13.7817175,13.5900056541826,Gliricidia_sepium
9,0.0296908760438037,1,0.74366273,7.4861881,11.065174655969,Rehdera_trinervis
9,0.00249897614958527,1,0.74366273,7.4861881,13.0104028347675,Rehdera_trinervis
9,0.00983612228740549,1,0.74366273,7.4861881,26.0322958274893,Rehdera_trinervis
9,0.0303103712653305,0,0.77574754,13.7817175,0.0,Gliricidia_sepium
9,0.00412523695418887,1,0.74366273,7.4861881,12.9735577586689,Rehdera_trinervis
9,0.00791761621039555,1,0.74366273,7.4861881,10.1878788764559,Rehdera_trinervis
9,0.0109293861374211,1,0.74366273,7.4861881,18.2271380381156,Rehdera_trinervis
9,0.0314364695148943,1,0.87234689,7.90816299,18.3005240158831,Ateleia_herbert-smithii
9,0.0314364695148943,1,0.87234689,7.90816299,18.3005240158831,Ateleia_herbert-smithii
9,0.0314364695148943,1,0.87234689,7.90816299,18.3005240158831,Ateleia_herbert-smithii
9,0.0314364695148943,1,0.87234689,7.90816299,18.3005240158831,Ateleia_herbert-smithii
9,0.017241178008776,1,0.87234689,7.90816299,12.4371521735721,Ateleia_herbert-smithii
9,0.0138185291607535,1,0.77574754,13.7817175,10.7094732529781,Gliricidia_sepium
9,0.0129611992065453,1,0.74366273,7.4861881,10.2124422605216,Rehdera_trinervis
9,0.0289739047043844,1,0.77574754,13.7817175,10.7054422701168,Gliricidia_sepium
9,0.0444423638421649,1,0.77574754,13.7817175,11.1297690420864,Gliricidia_sepium
9,0.0122862066946614,1,0.74366273,7.4861881,15.4683690631959,Rehdera_trinervis
9,0.0128040875632647,1,0.74366273,7.4861881,14.281064802409,Rehdera_trinervis
9,0.00165063820861899,1,0.74366273,7.4861881,13.6589408517736,Rehdera_trinervis
9,0.0287776285707362,1,0.74366273,7.4861881,15.6453662265094,Rehdera_trinervis
9,0.00671229995605849,1,0.74366273,7.4861881,11.2438760685551,Rehdera_trinervis
9,0.00484386694645345,1,0.5614008,6.29434163,27.1157352321339,Hemiangium_excelsum
9,0.00955185856956486,0,0.77574754,13.7817175,11.7627070475782,Gliricidia_sepium
9,0.0113223777465135,0,0.18248994,11.2485639,20.8067183367529,Cochlospermum_vitifolium
9,0.0295236691747895,1,0.74366273,7.4861881,12.3018732990353,Rehdera_trinervis
9,0.0243968029220736,0,0.77574754,13.7817175,12.0939549392538,Gliricidia_sepium
9,0.017776216274386,0,0.77574754,13.7817175,12.7497380400347,Gliricidia_sepium
9,0.0103322364583143,1,0.68466068,9.19389499,10.2164760704741,Eugenia_salamensis
9,0.00456556714937939,1,0.74366273,7.4861881,18.6724873980298,Rehdera_trinervis
9,0.0278237719030332,1,0.77574754,13.7817175,10.0108225361302,Gliricidia_sepium
9,0.0216705852437804,1,0.74366273,7.4861881,0.0,Rehdera_trinervis
9,0.0371938782391874,1,0.18248994,11.2485639,25.0068141699993,Cochlospermum_vitifolium
9,0.00487404172283235,1,0.74366273,7.4861881,17.427352129434,Rehdera_trinervis
9,0.00829288383172511,1,0.74366273,7.4861881,16.4712507187669,Rehdera_trinervis
9,0.00165920410213083,0,0.74366273,7.4861881,12.8949605646506,Rehdera_trinervis
9,0.00738704523250044,1,0.74366273,7.4861881,17.2544056426683,Rehdera_trinervis
9,0.012398004628194,1,0.74366273,7.4861881,10.9458141028326,Rehdera_trinervis
9,0.00917956790870189,1,0.74366273,7.4861881,14.2585690190578,Rehdera_trinervis
9,0.00897978865291371,1,0.74366273,7.4861881,20.0782507091716,Rehdera_trinervis
9,0.00153181021236204,1,0.74366273,7.4861881,11.49,Rehdera_trinervis
9,0.00731635851986789,1,0.77574754,13.7817175,0.0,Gliricidia_sepium
9,0.0220295929851209,1,0.5614008,6.29434163,0.0,Hemiangium_excelsum
9,0.0378138655011093,1,0.77574754,13.7817175,0.0,Gliricidia_sepium
9,0.0121926017312739,1,0.74366273,7.4861881,12.0335577586689,Rehdera_trinervis
9,0.00933153806324327,1,0.74366273,7.4861881,10.7744309905374,Rehdera_trinervis
9,0.0370063412950374,1,0.77574754,13.7817175,12.7297972170468,Gliricidia_sepium
9,0.0283911994723831,1,0.74366273,7.4861881,17.5195324299902,Rehdera_trinervis
9,0.0368959422905597,1,0.7263735,8.22539818,0.0,Genipa_americana
9,0.00720380157696621,1,0.7371692,8.75698686,14.5305042262441,Guazuma_ulmifolia
9,0.00246231754641135,0,0.7371692,8.75698686,14.75,Guazuma_ulmifolia
9,0.0132038531418197,0,0.68466068,9.19389499,14.5198169107334,Eugenia_salamensis
10,0.0207180205421231,1,0.63600814,14.0504199,11.9169099072933,Casearia_sylvestris
10,0.0238512536098079,1,0.63600814,14.0504199,10.4444112968509,Casearia_sylvestris
10,0.00403883845168895,0,0.44781739,10.136324,48.6444901675496,Cedrela_odorata
10,0.0149368007421131,1,0.74561631,22.9514801,16.8727915724595,Exostema_mexicana
10,0.00295118685688367,0,0.7371692,8.75698686,15.7,Guazuma_ulmifolia
10,0.0249067690358271,1,0.37406808,11.7846789,10.9049408709641,Castilla_elastica
10,0.0172511059635054,1,0.37406808,11.7846789,33.7144394718113,Castilla_elastica
10,0.000652391624667459,0,0.60359178,6.1931364,59.1714422893073,Licania_arborea
10,0.028039570867787,1,0.55061311,10.5184876,11.8857408863165,Cordia_alliodora
10,0.000410496590110387,0,0.35997774,9.02138266,17.7101887434492,Bursera_simaruba
10,0.000920869588474371,1,0.65580283,15.7198409,12.1639802871229,Sapranthus_palanga
10,0.00997046338483143,1,0.75229327,11.4627342,26.3198507398764,Lonchocarpus_minimiflorus
10,9.64658991899903e-05,1,0.67323866,7.35424053,32.8039267642934,Luehea_speciosa
10,0.00206266548492673,1,0.67323866,7.35424053,21.12,Luehea_speciosa
10,0.0228799526999888,1,0.75229327,11.4627342,26.7674507897717,Lonchocarpus_minimiflorus
10,0.0228799526999888,1,0.75229327,11.4627342,26.7674507897717,Lonchocarpus_minimiflorus
10,0.0209334462257678,1,0.77475077,11.7948688,10.9666422931454,Calycophyllum_candidissimum
10,0.0117792242461765,1,0.77587762,13.3328466,46.9275915686214,Maclura_tinctoria
10,0.00829643173821104,1,0.35997774,9.02138266,37.3172535650487,Bursera_simaruba
10,0.0165954330435962,1,0.75229327,11.4627342,20.0369352551625,Lonchocarpus_minimiflorus
10,0.0148438511877131,1,0.67323866,7.35424053,10.6235549315776,Luehea_speciosa
10,0.0261674256831768,1,0.77475077,11.7948688,12.8264338560097,Calycophyllum_candidissimum
10,0.00805625894577844,0,0.42802635,7.50149537,57.9466394660542,Spondias_mombin
10,0.00273063000380258,1,0.85125909,10.6703347,18.9141126806512,Astronium_graveolens
10,0.00346342696138136,1,0.74561631,22.9514801,26.9004986680139,Exostema_mexicana
10,0.0480782639541482,0,0.67323866,7.35424053,11.2,Luehea_speciosa
10,0.00475124570258689,1,0.80578343,9.74681043,14.92,Karwinskia_calderoni
10,0.0124352321011267,1,0.75229327,11.4627342,10.1664253747358,Lonchocarpus_minimiflorus
11,0.0151937316991582,0,0.67323866,7.35424053,18.9281267969172,Luehea_speciosa
11,0.00516106498509838,0,0.67323866,7.35424053,14.2343774677078,Luehea_speciosa
11,0.0297569529525696,1,0.77574754,13.7817175,11.9578817035472,Gliricidia_sepium
11,0.00839296038801951,1,0.77574754,13.7817175,10.4050422624407,Gliricidia_sepium
11,0.0311001820960306,1,0.77574754,13.7817175,10.2925267854029,Gliricidia_sepium
11,0.0147899179532547,1,0.77574754,13.7817175,12.20435494693,Gliricidia_sepium
11,0.00875963538502456,0,0.67323866,7.35424053,12.7419296489561,Luehea_speciosa
11,0.0432841008279001,1,0.77574754,13.7817175,10.2781521447863,Gliricidia_sepium
11,0.0117281887198541,0,0.77574754,13.7817175,10.5178253536263,Gliricidia_sepium
11,0.0525427661618334,1,0.87234689,7.90816299,0.0,Ateleia_herbert-smithii
11,0.0432380690194001,1,0.77574754,13.7817175,0.0,Gliricidia_sepium
11,0.0296469131881087,0,0.67323866,7.35424053,0.0,Luehea_speciosa
11,0.00789282999130414,0,0.67323866,7.35424053,0.0,Luehea_speciosa
11,0.0405773718389586,1,0.87234689,7.90816299,21.3923888336445,Ateleia_herbert-smithii
11,0.0317596841901695,1,0.87234689,7.90816299,13.5075521812483,Ateleia_herbert-smithii
11,0.0182928089509344,0,0.70871497,7.96809637,10.7359831525952,Lonchocarpus_felipei
11,0.0235371266414357,0,0.67070618,6.87157179,19.671214158485,Swietenia_macrophylla
11,0.0621477702185196,0,0.87234689,7.90816299,13.8098817419281,Ateleia_herbert-smithii
11,0.0359382381043898,1,0.87234689,7.90816299,11.5861098919409,Ateleia_herbert-smithii
11,0.0780252966944568,1,0.77574754,13.7817175,10.8530563595161,Gliricidia_sepium
11,0.0501890608050868,1,0.77574754,13.7817175,10.0763943726841,Gliricidia_sepium
11,0.00377138565240864,1,0.67323866,7.35424053,10.4270056445873,Luehea_speciosa
11,0.00534142448425756,0,0.67323866,7.35424053,12.1106197531771,Luehea_speciosa
11,0.00534142448425756,0,0.67323866,7.35424053,12.1106197531771,Luehea_speciosa
11,0.0517133389306825,1,0.87234689,7.90816299,10.5398535669677,Ateleia_herbert-smithii
11,0.0166038638513832,1,0.67070618,6.87157179,10.3160310212422,Swietenia_macrophylla
11,0.00263308994286415,0,0.67070618,6.87157179,15.5301887434492,Swietenia_macrophylla
11,0.000400238411229381,0,0.53635675,7.03239507,9.5,Curatella_americana
11,0.0217090019492594,1,0.77574754,13.7817175,10.5588901560353,Gliricidia_sepium
11,0.0103646385972671,1,0.5614008,6.29434163,11.5833464944419,Hemiangium_excelsum
11,0.00638928919015447,0,0.5614008,6.29434163,10.0648845210432,Hemiangium_excelsum
11,0.00122296845161829,0,0.5614008,6.29434163,12.657563393661,Hemiangium_excelsum
11,0.0654304365022229,0,0.77574754,13.7817175,11.7488676352574,Gliricidia_sepium
11,0.0310963394266515,1,0.77574754,13.7817175,0.0,Gliricidia_sepium
11,0.0090399259794629,1,0.67323866,7.35424053,0.0,Luehea_speciosa
11,0.0555386203090587,1,0.77574754,13.7817175,13.0039859413055,Gliricidia_sepium
11,0.0352721387144452,1,0.77574754,13.7817175,10.2091295952228,Gliricidia_sepium
11,0.0660095095151263,1,0.64470333,9.25563634,20.1233521486244,Lonchocarpus_rugosus
11,0.046924006338084,1,0.77574754,13.7817175,12.3953408786403,Gliricidia_sepium
11,0.0168765046461585,0,0.67323866,7.35424053,13.8744986488235,Luehea_speciosa
11,0.0267153196884755,1,0.77574754,13.7817175,10.1,Gliricidia_sepium
11,0.0110615214767478,1,0.77574754,13.7817175,10.2,Gliricidia_sepium
11,0.0425595061759911,1,0.87234689,7.90816299,0.0,Ateleia_herbert-smithii
11,0.0242412695289755,1,0.77574754,13.7817175,14.7217099034552,Gliricidia_sepium
11,0.00843566437662657,0,0.18248994,11.2485639,14.1406929696932,Cochlospermum_vitifolium
11,0.00684877855996024,0,0.77574754,13.7817175,11.7843521198387,Gliricidia_sepium
11,0.0115846946303209,0,0.77574754,13.7817175,12.6562901541162,Gliricidia_sepium
11,0.000722266731179477,0,0.77574754,13.7817175,10.5,Gliricidia_sepium
11,0.0238300801386266,0,0.77574754,13.7817175,11.4403239640688,Gliricidia_sepium
11,0.0149073506554958,0,0.67070618,6.87157179,18.8671775214412,Swietenia_macrophylla
11,0.0149073506554958,0,0.67070618,6.87157179,18.8671775214412,Swietenia_macrophylla
11,0.0467852554507053,1,0.74366273,7.4861881,15.1270846112385,Rehdera_trinervis
11,0.0427413088690445,1,0.77574754,13.7817175,0.0,Gliricidia_sepium
11,0.00126134601702699,0,0.67070618,6.87157179,17.7916732472209,Swietenia_macrophylla
11,0.0292316980175862,1,0.77574754,13.7817175,10.2683352340529,Gliricidia_sepium
11,0.0066114617177413,1,0.67323866,7.35424053,10.0757577529117,Luehea_speciosa
11,0.082496212284767,1,0.87234689,7.90816299,13.8709972400754,Ateleia_herbert-smithii
11,0.0331966653668494,1,0.87234689,7.90816299,11.1968451720511,Ateleia_herbert-smithii
11,0.0160701815662292,0,0.67323866,7.35424053,0.0,Luehea_speciosa
11,0.0386217351803411,1,0.77574754,13.7817175,11.0301380477109,Gliricidia_sepium
11,0.0568579642467695,1,0.87234689,7.90816299,10.7744479530852,Ateleia_herbert-smithii
11,0.0110975192922034,0,0.67323866,7.35424053,17.175338051549,Luehea_speciosa
11,0.0204323718155948,0,0.64470333,9.25563634,12.880853538182,Lonchocarpus_rugosus
11,0.0576109151512565,1,0.74366273,7.4861881,19.0616141661612,Rehdera_trinervis
11,0.0043927385793463,0,0.64470333,9.25563634,0.0,Lonchocarpus_rugosus
11,0.00732480101445177,0,0.67323866,7.35424053,12.2514648100852,Luehea_speciosa
11,0.021741537575255,0,0.67070618,6.87157179,18.3632479300566,Swietenia_macrophylla
11,0.0405292413222522,1,0.87234689,7.90816299,16.6084057194302,Ateleia_herbert-smithii
11,0.0828189076746959,1,0.87234689,7.90816299,12.111740905507,Ateleia_herbert-smithii
11,0.0406680722076516,1,0.87234689,7.90816299,12.5237859854436,Ateleia_herbert-smithii
11,0.0273395472740536,1,0.87234689,7.90816299,0.0,Ateleia_herbert-smithii
11,0.0234569094261534,1,0.77574754,13.7817175,13.476661986832,Gliricidia_sepium
11,0.0155283681077081,1,0.67323866,7.35424053,15.5357240197212,Luehea_speciosa
11,0.00989177254974249,0,0.67070618,6.87157179,14.8537943707651,Swietenia_macrophylla
11,0.0460025740054881,1,0.55061311,10.5184876,13.5834620213749,Cordia_alliodora
11,0.0634388934101673,1,0.74366273,7.4861881,14.8322282651557,Rehdera_trinervis
11,0.00872396078406101,0,0.67323866,7.35424053,12.6468620386463,Luehea_speciosa
11,0.00872396078406101,0,0.67323866,7.35424053,12.6468620386463,Luehea_speciosa
11,0.0271861584931505,1,0.77574754,13.7817175,10.4960788898892,Gliricidia_sepium
12,0.00509626169354283,1,0.55061311,10.5184876,17.2288648081661,Cordia_alliodora
12,0.0108405561041338,1,0.67323866,7.35424053,25.0700000959525,Luehea_speciosa
12,0.00453600097995288,0,0.40510321,5.47833132,22.7763521582197,Simarouba_glauca
12,0.017430402533281,0,0.44781739,10.136324,35.6527380496299,Cedrela_odorata
12,0.0175722218432455,1,0.80318011,6.7699511,28.1559211484918,Dalbergia_retusa
12,0.00350223909395275,0,0.76830896,9.21901919,59.4228676160669,Acosmium_panamensis
12,0.00118878261942479,1,0.5614008,6.29434163,12.5031324031235,Hemiangium_excelsum
12,0.00968257775274139,0,0.5614008,6.29434163,16.6847859566579,Hemiangium_excelsum
12,0.00369001373577227,0,0.5614008,6.29434163,10.2,Hemiangium_excelsum
12,0.0277047911828312,1,0.64470333,9.25563634,13.3812845479099,Lonchocarpus_rugosus
12,0.00425231950612703,1,0.7371692,8.75698686,15.0958112757413,Guazuma_ulmifolia
12,0.00939531324514054,0,0.0,0.0,81.8462704604297,Bombacopsis_quinata
12,0.0110959534902397,1,0.5614008,6.29434163,13.4655211408156,Hemiangium_excelsum
12,0.0100209516220588,1,0.5614008,6.29434163,32.6878028328484,Hemiangium_excelsum
12,0.00710861960637299,0,0.5614008,6.29434163,12.603031011647,Hemiangium_excelsum
12,0.0236082079780382,1,0.0,0.0,15.6214422893073,Casearia_tremula
12,0.0216395143039461,1,0.7263735,8.22539818,11.8818056407492,Genipa_americana
12,0.00174002792891903,1,0.68466068,9.19389499,22.1120450799367,Eugenia_salamensis
12,0.00481998689471341,0,0.18248994,11.2485639,22.8308225361302,Cochlospermum_vitifolium
12,0.0238249714973371,1,0.77475077,11.7948688,20.1453662265094,Calycophyllum_candidissimum
12,0.00129997977583285,0,0.35997774,9.02138266,28.2270563403256,Bursera_simaruba
12,0.00322343208107334,0,0.5614008,6.29434163,11.1521521255959,Hemiangium_excelsum
12,0.00383326459430311,0,0.7371692,8.75698686,25.586580289042,Guazuma_ulmifolia
12,0.0193200370676068,1,0.5614008,6.29434163,11.7307746674832,Hemiangium_excelsum
12,0.000787856460438885,1,0.5614008,6.29434163,23.76,Hemiangium_excelsum
12,0.00421106846030117,1,0.77475077,11.7948688,12.5027633974991,Calycophyllum_candidissimum
12,0.0145885730035764,0,0.7371692,8.75698686,12.8692845095289,Guazuma_ulmifolia
12,0.00450364434007389,0,0.18248994,11.2485639,28.7,Cochlospermum_vitifolium
12,0.00183977321073714,1,0.5614008,6.29434163,11.3331042281631,Hemiangium_excelsum
12,0.00591233269963354,0,0.5614008,6.29434163,17.6940591578217,Hemiangium_excelsum
12,0.003062318637161,0,0.5614008,6.29434163,14.0759746713213,Hemiangium_excelsum
12,0.0150304641765162,1,0.67323866,7.35424053,17.5885549795538,Luehea_speciosa
12,0.00743585733352781,1,0.58222739,12.1402741,20.242552133272,Sebastiania_pavoniana
12,0.0250145597457623,0,0.58222739,12.1402741,11.6405915782167,Sebastiania_pavoniana
12,0.0100931437170892,0,0.62748828,6.36551455,15.2521014298576,Schoepfia_schreberi
12,0.00370655418152488,1,0.60359178,6.1931364,25.3482958466798,Licania_arborea
13,0.0167909078010666,0,0.80433333,7.57726323,10.5020253862501,Tabebuia_ochracea
13,0.0246153039794956,1,0.73283575,11.3829549,11.1482845383146,Lysiloma_divaricatum
13,0.0266626319151344,1,0.74366273,7.4861881,10.7110394545399,Rehdera_trinervis
13,0.00184173457778769,1,0.74366273,7.4861881,10.3272225629969,Rehdera_trinervis
13,0.0104742900146753,0,0.74366273,7.4861881,11.954293038779,Rehdera_trinervis
13,0.0104742900146753,0,0.74366273,7.4861881,11.954293038779,Rehdera_trinervis
13,0.0104077653945476,1,0.74366273,7.4861881,13.8329662764047,Rehdera_trinervis
13,0.0104077653945476,1,0.74366273,7.4861881,13.8329662764047,Rehdera_trinervis
13,0.0370177307872575,1,0.74366273,7.4861881,0.0,Rehdera_trinervis
13,0.034648957978936,1,0.73283575,11.3829549,12.695501447129,Lysiloma_divaricatum
13,0.0303932143005028,1,0.73283575,11.3829549,10.473160578084,Lysiloma_divaricatum
13,0.0493539523362578,1,0.73283575,11.3829549,0.0,Lysiloma_divaricatum
13,0.0295965446505333,1,0.74366273,7.4861881,13.6342902116877,Rehdera_trinervis
13,0.0295965446505333,1,0.74366273,7.4861881,13.6342902116877,Rehdera_trinervis
13,0.0139843568368883,1,0.74366273,7.4861881,12.905208485112,Rehdera_trinervis
13,0.00962739589931472,0,0.73283575,11.3829549,11.0958761069361,Lysiloma_divaricatum
13,0.036414495655515,1,0.73283575,11.3829549,10.2145408632879,Lysiloma_divaricatum
13,0.0372403354791229,1,0.73283575,11.3829549,12.3920056925636,Lysiloma_divaricatum
13,0.0152356547086625,1,0.73283575,11.3829549,23.1380085388453,Lysiloma_divaricatum
13,0.0152356547086625,1,0.73283575,11.3829549,23.1380085388453,Lysiloma_divaricatum
13,0.0342221616840748,0,0.74366273,7.4861881,14.614504303006,Rehdera_trinervis
13,0.0342221616840748,0,0.74366273,7.4861881,14.614504303006,Rehdera_trinervis
13,0.00405010143413564,1,0.74366273,7.4861881,13.7595887799111,Rehdera_trinervis
13,0.000113738112677009,1,0.53552067,8.13852171,22.9889239851783,Godmania_aesculifolia
13,0.00115619327673544,1,0.53552067,8.13852171,12.6068985989282,Godmania_aesculifolia
13,0.0508959513049621,1,0.70049762,15.9112957,12.4441972055325,Luehea_candida
13,0.0163037856224819,1,0.70049762,15.9112957,15.4159803255039,Luehea_candida
13,0.0185351529165971,0,0.70049762,15.9112957,15.0141718576634,Luehea_candida
13,0.016264666070422,1,0.70049762,15.9112957,12.9938141604041,Luehea_candida
13,0.016264666070422,1,0.70049762,15.9112957,12.9938141604041,Luehea_candida
13,0.0286240320809137,1,0.70049762,15.9112957,12.5754986200377,Luehea_candida
13,0.00075190058643404,0,0.80318011,6.7699511,12.2163929591385,Dalbergia_retusa
13,0.0454563819413845,1,0.74366273,7.4861881,0.0,Rehdera_trinervis
13,0.0127961916116219,1,0.70049762,15.9112957,10.283078880294,Luehea_candida
13,0.0308198514729439,1,0.70049762,15.9112957,10.2477464829276,Luehea_candida
13,0.0352740162581537,1,0.73283575,11.3829549,22.1010338963097,Lysiloma_divaricatum
13,0.0352740162581537,1,0.73283575,11.3829549,22.1010338963097,Lysiloma_divaricatum
13,0.029281223504221,1,0.73283575,11.3829549,14.4203352724339,Lysiloma_divaricatum
13,0.029281223504221,1,0.73283575,11.3829549,14.4203352724339,Lysiloma_divaricatum
13,0.00115871131259793,1,0.73283575,11.3829549,13.2365549411728,Lysiloma_divaricatum
13,0.0398143235489079,1,0.73283575,11.3829549,23.9256451490225,Lysiloma_divaricatum
13,0.00614025116187866,1,0.73283575,11.3829549,10.5174563480018,Lysiloma_divaricatum
13,0.00140732666408416,1,0.74366273,7.4861881,11.1705634032562,Rehdera_trinervis
13,0.00529933973976693,0,0.74366273,7.4861881,10.985256353759,Rehdera_trinervis
13,0.0225014025908514,1,0.74366273,7.4861881,12.2240535995915,Rehdera_trinervis
13,0.0445684700327935,1,0.73283575,11.3829549,10.7302535746439,Lysiloma_divaricatum
13,0.020580969210731,1,0.70871497,7.96809637,10.1585183233195,Lonchocarpus_felipei
13,0.0326746031514467,1,0.74366273,7.4861881,11.4022423046597,Rehdera_trinervis
13,0.0137661616124571,1,0.70049762,15.9112957,14.8717352513244,Luehea_candida
13,0.000580610055108011,1,0.70049762,15.9112957,10.9274281730414,Luehea_candida
13,0.000353265028478766,0,0.61395183,6.85653568,14.395174655969,Byrsonima_crassifolia
13,0.0262280985061816,1,0.70871497,7.96809637,13.6724873980298,Lonchocarpus_felipei
13,0.0153796793317973,1,0.70871497,7.96809637,16.0873324357474,Lonchocarpus_felipei
13,0.00125913807364153,0,0.42802635,7.50149537,9.9,Spondias_mombin
13,0.0121646792015175,1,0.74366273,7.4861881,21.5294507322002,Rehdera_trinervis
13,0.0191948226362935,1,0.74366273,7.4861881,23.1912535458582,Rehdera_trinervis
13,0.0151763162007428,1,0.70049762,15.9112957,20.6704113160414,Luehea_candida
14,0.00845719945505685,1,0.42802635,7.50149537,71.7569916050833,Spondias_mombin
14,0.0124236313914898,1,0.80433333,7.57726323,15.1695577778594,Tabebuia_ochracea
14,0.00632184261789259,1,0.86802122,7.64671691,36.8055774907364,Sideroxylon_capiri
14,0.00331329968604788,1,0.42802635,7.50149537,23.3108817131424,Spondias_mombin
14,0.00242710328431173,1,0.8764414,8.48013978,40.9303549661205,Manilkara_chicle
14,0.0105144303086284,1,0.70049762,15.9112957,17.1338760685551,Luehea_candida
14,0.0175204284952506,1,0.70049762,15.9112957,20.0159154943092,Luehea_candida
14,0.0147683702283055,1,0.80433333,7.57726323,10.1308760589598,Tabebuia_ochracea
14,0.0099639280144368,0,0.42802635,7.50149537,21.1171887338539,Spondias_mombin
14,0.0160528687840138,1,0.42802635,7.50149537,15.9143774677078,Spondias_mombin
14,0.00649860119593404,0,0.42802635,7.50149537,11.6403746598071,Spondias_mombin
14,0.0560416032789863,1,0.7371692,8.75698686,25.8958112757413,Guazuma_ulmifolia
14,0.0376831805939219,1,0.64856918,12.3821425,10.7552845287194,Guettarda_macrosperma
14,0.0104510869298542,1,0.42802635,7.50149537,55.7846704297249,Spondias_mombin
14,0.00918833808606623,1,0.77475077,11.7948688,12.7891859451436,Calycophyllum_candidissimum
14,0.0268245268349614,0,0.42802635,7.50149537,47.134695777594,Spondias_mombin
14,0.0146351554263471,0,0.65580283,15.7198409,11.4,Sapranthus_palanga
14,0.0122768491427441,1,0.77475077,11.7948688,22.4224479147042,Calycophyllum_candidissimum
14,0.0157015887102805,1,0.77475077,11.7948688,25.3281774926555,Calycophyllum_candidissimum
14,0.0146469422675319,1,0.42802635,7.50149537,24.354647908947,Spondias_mombin
14,0.0124113213896777,1,0.80433333,7.57726323,0.0,Tabebuia_ochracea
15,0.0159057562950276,1,0.67323866,7.35424053,10.8059971920992,Luehea_speciosa
15,0.00723419273340431,1,0.67323866,7.35424053,10.0668450760986,Luehea_speciosa
15,0.000846350474450475,0,0.18248994,11.2485639,13.7145915590262,Cochlospermum_vitifolium
15,0.0218740935278081,0,0.18248994,11.2485639,19.3708310174041,Cochlospermum_vitifolium
15,0.0103631246087788,0,0.70049762,15.9112957,0.0,Luehea_candida
15,0.0141096429527772,1,0.70049762,15.9112957,0.0,Luehea_candida
15,0.0226638354151243,1,0.67323866,7.35424053,11.0994789071607,Luehea_speciosa
15,0.0198558715870645,1,0.7371692,8.75698686,17.2584676275812,Guazuma_ulmifolia
15,0.000794864551044938,0,0.7371692,8.75698686,15.0853070494973,Guazuma_ulmifolia
15,0.0429428334123592,1,0.77587762,13.3328466,10.4385154962282,Maclura_tinctoria
15,0.00716729494399049,0,0.7371692,8.75698686,0.0,Guazuma_ulmifolia
15,0.0769852086766067,1,0.0,0.0,11.3987408959117,Albizia_niopoides
15,0.00691261486320149,0,0.77587762,13.3328466,17.5989943746032,Maclura_tinctoria
15,0.0298987299030511,0,0.7263735,8.22539818,14.06589014644,Genipa_americana
15,0.0315564389524421,1,0.0,0.0,22.7133324549379,Albizia_niopoides
15,0.0366385935026248,1,0.0,0.0,21.1856901905782,Albizia_niopoides
15,0.0147647562676263,0,0.53683991,10.7389407,11.4387972458326,Thevetia_ovata
15,0.0430920499412188,1,0.0,0.0,14.8868198241819,Albizia_niopoides
15,0.0457078244700031,1,0.70049762,15.9112957,11.1882366696676,Luehea_candida
15,0.00151372600266386,0,0.5614008,6.29434163,12.9093465136324,Hemiangium_excelsum
15,0.0305472388489432,1,0.64459495,11.3870773,12.1863775060888,Piscidia_carthagenensis
15,0.0152240584357743,1,0.70049762,15.9112957,13.5192141201041,Luehea_candida
15,0.00378229157388432,1,0.70049762,15.9112957,15.3274901771448,Luehea_candida
15,0.00248129736401692,1,0.5614008,6.29434163,10.2,Hemiangium_excelsum
15,0.0162414286639194,1,0.69111815,8.05778656,10.6653183578624,Diospyros_nicaraguensis
15,0.0126350283441359,1,0.69111815,8.05778656,10.7292986449854,Diospyros_nicaraguensis
15,0.00453396313805143,1,0.70049762,15.9112957,12.2935465462562,Luehea_candida
15,0.00268361067365852,0,0.64459495,11.3870773,0.0,Piscidia_carthagenensis
15,0.0143142113272408,1,0.64459495,11.3870773,12.0425014375338,Piscidia_carthagenensis
15,0.000212839800068032,0,0.64459495,11.3870773,10.1604788783749,Piscidia_carthagenensis
15,0.000976029145999924,1,0.53215581,7.2685224,15.5770873423773,Tabebuia_rosea
15,0.00870757546325329,1,0.70049762,15.9112957,10.673160578084,Luehea_candida
16,0.00911179988100486,1,0.70049762,15.9112957,17.3038028520389,Luehea_candida
16,0.0167275850868762,0,0.80433333,7.57726323,14.4,Tabebuia_ochracea
16,0.0311963121549654,1,0.70049762,15.9112957,10.2375605665697,Luehea_candida
16,0.00969635845597638,1,0.70049762,15.9112957,10.1136366293676,Luehea_candida
16,0.011212176832144,1,0.70049762,15.9112957,12.2462084563262,Luehea_candida
16,0.070552480056985,1,0.70049762,15.9112957,14.5113605915173,Luehea_candida
16,0.00359365117117427,0,0.80318011,6.7699511,19.6334225380493,Dalbergia_retusa
16,0.0020131473645848,0,0.57471568,15.2691681,10.8,Chomelia_spinosa
16,0.00976412755131095,0,0.35997774,9.02138266,35.2393183386719,Bursera_simaruba
16,0.00431791353522959,0,0.71462209,9.7854777,19.2,Tabebuia_impetiginosa
16,0.0395529689235325,1,0.71462209,9.7854777,0.0,Tabebuia_impetiginosa
16,0.00246325243531675,1,0.80318011,6.7699511,0.0,Dalbergia_retusa
16,0.000374433043157207,1,0.57471568,15.2691681,12.6725746540499,Chomelia_spinosa
16,0.0172208441379809,0,0.71462209,9.7854777,24.3,Tabebuia_impetiginosa
16,0.00724653586823676,1,0.77475077,11.7948688,18.2,Calycophyllum_candidissimum
16,0.0167897801173242,1,0.77475077,11.7948688,21.7446169068953,Calycophyllum_candidissimum
16,0.0397493960918531,0,0.18248994,11.2485639,49.7630394929208,Cochlospermum_vitifolium
16,0.00670644786012087,1,0.77475077,11.7948688,11.1811408460164,Calycophyllum_candidissimum
16,0.0115657728439764,1,0.77475077,11.7948688,30.5232000614096,Calycophyllum_candidissimum
16,0.017914756258981,1,0.77475077,11.7948688,14.5281774926555,Calycophyllum_candidissimum
16,0.00635253140216951,1,0.0,0.0,22.7260507149288,Coccoloba_caracasana
16,0.000125094833625106,0,0.0,0.0,29.2,Coccoloba_caracasana
16,0.00243384032552507,0,0.0,0.0,23.3317295971418,Coccoloba_caracasana
17,0.0275531056835003,1,0.77574754,13.7817175,19.0782056676159,Gliricidia_sepium
17,0.0372392157893189,1,0.58374523,13.3734124,15.9495183904862,Alvaradoa_amorphoides
17,0.00606459803518566,1,0.7371692,8.75698686,12.2623380419537,Guazuma_ulmifolia
17,0.0272287965567148,1,0.7371692,8.75698686,20.4087859374674,Guazuma_ulmifolia
17,0.011596762962673,1,0.7371692,8.75698686,19.5875915686214,Guazuma_ulmifolia
17,0.000185207813574451,0,0.7371692,8.75698686,17.08,Guazuma_ulmifolia
17,0.00336879179992389,0,0.7371692,8.75698686,16.2222309962946,Guazuma_ulmifolia
17,0.0101559651761072,1,0.7371692,8.75698686,20.6134253651406,Guazuma_ulmifolia
17,0.020030890768389,1,0.7371692,8.75698686,19.2381971863421,Guazuma_ulmifolia
17,0.0229478041358573,1,0.7371692,8.75698686,29.8978873577297,Guazuma_ulmifolia
17,0.00752820645291363,1,0.7371692,8.75698686,25.1684366255295,Guazuma_ulmifolia
17,0.00841881400015509,1,0.57884716,10.2664217,12.8445633840657,Pithecellobium_dulce
17,0.00519106003437964,1,0.0,0.0,12.1778845306384,Coccoloba_caracasana
17,0.00338683756843583,1,0.7371692,8.75698686,24.2422338233859,Guazuma_ulmifolia
17,0.00256314305229877,0,0.7371692,8.75698686,27.7533746694023,Guazuma_ulmifolia
17,0.00192014333424328,0,0.7371692,8.75698686,26.3340084620834,Guazuma_ulmifolia
17,0.00231605771343668,1,0.7371692,8.75698686,10.8149605646506,Guazuma_ulmifolia
17,0.0163855620242264,0,0.0,0.0,26.715357841188,Triplaris_melaenodendron
17,0.0118559585066538,1,0.0,0.0,15.6553352244577,Triplaris_melaenodendron
17,0.0514160467535656,1,0.0,0.0,14.7349296585514,Triplaris_melaenodendron
17,0.124441706051692,1,0.0,0.0,14.8751211331394,Triplaris_melaenodendron
17,0.0219631945767507,1,0.0,0.0,10.957563393661,Guaiacum_sanctum
17,0.0111755902086155,1,0.7371692,8.75698686,20.0547493004236,Guazuma_ulmifolia
17,0.00363827967141939,1,0.7371692,8.75698686,32.5723155211759,Guazuma_ulmifolia
17,0.00363827967141939,1,0.7371692,8.75698686,32.5723155211759,Guazuma_ulmifolia
17,0.00378174077875038,0,0.7371692,8.75698686,22.6662084563262,Guazuma_ulmifolia
17,0.0253145494857283,1,0.56101044,7.25708923,0.0,Cordia_coloccoca
17,0.00439315370852356,1,0.57884716,10.2664217,13.3897633879038,Pithecellobium_dulce
17,0.00306826232684054,1,0.0,0.0,11.3064563767876,Coccoloba_caracasana
17,0.00248351842448713,0,0.7371692,8.75698686,18.2273239544735,Guazuma_ulmifolia
17,0.00869607802343664,0,0.7371692,8.75698686,28.7853070494973,Guazuma_ulmifolia
17,0.0237254484615517,0,0.7371692,8.75698686,20.3510958044607,Guazuma_ulmifolia
17,0.00980301525006233,1,0.7371692,8.75698686,29.733371842311,Guazuma_ulmifolia
17,0.00762727143242925,0,0.7371692,8.75698686,22.3,Guazuma_ulmifolia
17,0.00137403114987,1,0.7371692,8.75698686,11.3,Guazuma_ulmifolia
17,0.000729408968210166,0,0.7371692,8.75698686,13.9353323973664,Guazuma_ulmifolia
17,0.000500544481919274,0,0.7371692,8.75698686,11.1216450722605,Guazuma_ulmifolia
17,0.0122835678920246,1,0.57884716,10.2664217,11.1904000076762,Pithecellobium_dulce
17,0.0304598565715799,1,0.57884716,10.2664217,10.1451493080998,Pithecellobium_dulce
17,0.0153018509544633,0,0.7371692,8.75698686,13.0,Guazuma_ulmifolia
17,0.0186821355899309,1,0.7371692,8.75698686,32.9674958313274,Guazuma_ulmifolia
17,0.0609849222295229,1,0.7371692,8.75698686,21.3482958466798,Guazuma_ulmifolia
17,0.0609849222295229,1,0.7371692,8.75698686,21.3482958466798,Guazuma_ulmifolia
17,0.0260903709859099,0,0.7371692,8.75698686,27.7814366351248,Guazuma_ulmifolia
17,0.0214621155199173,1,0.58374523,13.3734124,22.1419155134997,Alvaradoa_amorphoides
17,0.0107860720865434,1,0.77574754,13.7817175,24.790197224723,Gliricidia_sepium
17,0.0422740910953849,1,0.77587762,13.3328466,19.0832057155922,Maclura_tinctoria
18,0.00969687414723097,1,0.7371692,8.75698686,67.4862761146123,Guazuma_ulmifolia
18,0.0376740752884381,1,0.42802635,7.50149537,10.4615493349665,Spondias_mombin
18,0.00470853212056577,1,0.7371692,8.75698686,20.3113549373347,Guazuma_ulmifolia
18,0.009328221707261,1,0.7371692,8.75698686,19.6385690190578,Guazuma_ulmifolia
18,0.00102937690765259,0,0.86802122,7.64671691,90.0961944168222,Sideroxylon_capiri
18,0.000582641844407039,1,0.80433333,7.57726323,20.2448816939519,Tabebuia_ochracea
18,0.0181339094725925,1,0.50278067,13.4176103,14.3172507379574,Annona_reticulata
18,0.0193469739098018,1,0.57850467,16.0218002,13.5295549507681,Trichilia_glabra
18,0.029504326203369,1,0.75952145,9.58950014,0.0,Brosimum_alicastrum
18,0.0063898591027769,1,0.60359178,6.1931364,75.7083015008624,Licania_arborea
18,0.0398222162206325,1,0.77475077,11.7948688,10.4977859662532,Calycophyllum_candidissimum
18,0.000722601090653363,0,0.60359178,6.1931364,36.2909859317103,Licania_arborea
18,0.00950970361539261,1,0.75952145,9.58950014,45.3013634186086,Brosimum_alicastrum
18,0.00835530656241534,0,0.40510321,5.47833132,11.8063183290767,Simarouba_glauca
18,0.0287485933447376,1,0.35997774,9.02138266,11.7800141354564,Bursera_simaruba
18,0.000571975276094427,1,0.7371692,8.75698686,32.1422366504772,Guazuma_ulmifolia
18,0.0473282194308564,1,0.35997774,9.02138266,0.0,Bursera_simaruba
18,0.0383892217309989,1,0.77475077,11.7948688,21.324729606737,Calycophyllum_candidissimum
